old,new
plot_cell_10_0.png,fig_001.png
plot_cell_10_1.png,fig_002.png
plot_cell_10_2.png,fig_003.png
plot_cell_122_0.png,fig_004.png
plot_cell_131_0.png,fig_005.png
plot_cell_132_0.png,fig_006.png
plot_cell_142_1.png,fig_007.png
plot_cell_147_0.png,fig_008.png
plot_cell_149_0.png,fig_009.png
plot_cell_149_1.png,fig_010.png
plot_cell_149_2.png,fig_011.png
plot_cell_149_3.png,fig_012.png
plot_cell_149_4.png,fig_013.png
plot_cell_149_5.png,fig_014.png
plot_cell_14_0.png,fig_015.png
plot_cell_150_1.png,fig_016.png
plot_cell_151_1.png,fig_017.png
plot_cell_152_1.png,fig_018.png
plot_cell_153_1.png,fig_019.png
plot_cell_154_2.png,fig_020.png
plot_cell_155_100.png,fig_021.png
plot_cell_155_103.png,fig_022.png
plot_cell_155_106.png,fig_023.png
plot_cell_155_109.png,fig_024.png
plot_cell_155_11.png,fig_025.png
plot_cell_155_112.png,fig_026.png
plot_cell_155_115.png,fig_027.png
plot_cell_155_118.png,fig_028.png
plot_cell_155_121.png,fig_029.png
plot_cell_155_124.png,fig_030.png
plot_cell_155_127.png,fig_031.png
plot_cell_155_130.png,fig_032.png
plot_cell_155_133.png,fig_033.png
plot_cell_155_136.png,fig_034.png
plot_cell_155_139.png,fig_035.png
plot_cell_155_14.png,fig_036.png
plot_cell_155_142.png,fig_037.png
plot_cell_155_145.png,fig_038.png
plot_cell_155_17.png,fig_039.png
plot_cell_155_2.png,fig_040.png
plot_cell_155_20.png,fig_041.png
plot_cell_155_23.png,fig_042.png
plot_cell_155_26.png,fig_043.png
plot_cell_155_29.png,fig_044.png
plot_cell_155_32.png,fig_045.png
plot_cell_155_36.png,fig_046.png
plot_cell_155_40.png,fig_047.png
plot_cell_155_43.png,fig_048.png
plot_cell_155_46.png,fig_049.png
plot_cell_155_49.png,fig_050.png
plot_cell_155_5.png,fig_051.png
plot_cell_155_52.png,fig_052.png
plot_cell_155_55.png,fig_053.png
plot_cell_155_58.png,fig_054.png
plot_cell_155_61.png,fig_055.png
plot_cell_155_64.png,fig_056.png
plot_cell_155_67.png,fig_057.png
plot_cell_155_70.png,fig_058.png
plot_cell_155_73.png,fig_059.png
plot_cell_155_76.png,fig_060.png
plot_cell_155_79.png,fig_061.png
plot_cell_155_8.png,fig_062.png
plot_cell_155_82.png,fig_063.png
plot_cell_155_85.png,fig_064.png
plot_cell_155_88.png,fig_065.png
plot_cell_155_91.png,fig_066.png
plot_cell_155_94.png,fig_067.png
plot_cell_155_97.png,fig_068.png
plot_cell_156_1.png,fig_069.png
plot_cell_157_1.png,fig_070.png
plot_cell_158_1.png,fig_071.png
plot_cell_158_101.png,fig_072.png
plot_cell_158_103.png,fig_073.png
plot_cell_158_105.png,fig_074.png
plot_cell_158_107.png,fig_075.png
plot_cell_158_109.png,fig_076.png
plot_cell_158_11.png,fig_077.png
plot_cell_158_111.png,fig_078.png
plot_cell_158_113.png,fig_079.png
plot_cell_158_115.png,fig_080.png
plot_cell_158_117.png,fig_081.png
plot_cell_158_13.png,fig_082.png
plot_cell_158_15.png,fig_083.png
plot_cell_158_17.png,fig_084.png
plot_cell_158_19.png,fig_085.png
plot_cell_158_21.png,fig_086.png
plot_cell_158_23.png,fig_087.png
plot_cell_158_25.png,fig_088.png
plot_cell_158_27.png,fig_089.png
plot_cell_158_29.png,fig_090.png
plot_cell_158_3.png,fig_091.png
plot_cell_158_31.png,fig_092.png
plot_cell_158_33.png,fig_093.png
plot_cell_158_35.png,fig_094.png
plot_cell_158_37.png,fig_095.png
plot_cell_158_39.png,fig_096.png
plot_cell_158_41.png,fig_097.png
plot_cell_158_43.png,fig_098.png
plot_cell_158_45.png,fig_099.png
plot_cell_158_47.png,fig_100.png
plot_cell_158_49.png,fig_101.png
plot_cell_158_5.png,fig_102.png
plot_cell_158_51.png,fig_103.png
plot_cell_158_53.png,fig_104.png
plot_cell_158_55.png,fig_105.png
plot_cell_158_57.png,fig_106.png
plot_cell_158_59.png,fig_107.png
plot_cell_158_61.png,fig_108.png
plot_cell_158_63.png,fig_109.png
plot_cell_158_65.png,fig_110.png
plot_cell_158_67.png,fig_111.png
plot_cell_158_69.png,fig_112.png
plot_cell_158_7.png,fig_113.png
plot_cell_158_71.png,fig_114.png
plot_cell_158_73.png,fig_115.png
plot_cell_158_75.png,fig_116.png
plot_cell_158_77.png,fig_117.png
plot_cell_158_79.png,fig_118.png
plot_cell_158_81.png,fig_119.png
plot_cell_158_83.png,fig_120.png
plot_cell_158_85.png,fig_121.png
plot_cell_158_87.png,fig_122.png
plot_cell_158_89.png,fig_123.png
plot_cell_158_9.png,fig_124.png
plot_cell_158_91.png,fig_125.png
plot_cell_158_93.png,fig_126.png
plot_cell_158_95.png,fig_127.png
plot_cell_158_97.png,fig_128.png
plot_cell_158_99.png,fig_129.png
plot_cell_160_2.png,fig_130.png
plot_cell_160_5.png,fig_131.png
plot_cell_161_1.png,fig_132.png
plot_cell_161_3.png,fig_133.png
plot_cell_162_1.png,fig_134.png
plot_cell_162_101.png,fig_135.png
plot_cell_162_103.png,fig_136.png
plot_cell_162_105.png,fig_137.png
plot_cell_162_107.png,fig_138.png
plot_cell_162_109.png,fig_139.png
plot_cell_162_11.png,fig_140.png
plot_cell_162_111.png,fig_141.png
plot_cell_162_114.png,fig_142.png
plot_cell_162_116.png,fig_143.png
plot_cell_162_118.png,fig_144.png
plot_cell_162_13.png,fig_145.png
plot_cell_162_15.png,fig_146.png
plot_cell_162_17.png,fig_147.png
plot_cell_162_19.png,fig_148.png
plot_cell_162_21.png,fig_149.png
plot_cell_162_23.png,fig_150.png
plot_cell_162_25.png,fig_151.png
plot_cell_162_27.png,fig_152.png
plot_cell_162_29.png,fig_153.png
plot_cell_162_3.png,fig_154.png
plot_cell_162_31.png,fig_155.png
plot_cell_162_33.png,fig_156.png
plot_cell_162_35.png,fig_157.png
plot_cell_162_37.png,fig_158.png
plot_cell_162_39.png,fig_159.png
plot_cell_162_41.png,fig_160.png
plot_cell_162_43.png,fig_161.png
plot_cell_162_45.png,fig_162.png
plot_cell_162_47.png,fig_163.png
plot_cell_162_49.png,fig_164.png
plot_cell_162_5.png,fig_165.png
plot_cell_162_51.png,fig_166.png
plot_cell_162_53.png,fig_167.png
plot_cell_162_55.png,fig_168.png
plot_cell_162_57.png,fig_169.png
plot_cell_162_59.png,fig_170.png
plot_cell_162_61.png,fig_171.png
plot_cell_162_63.png,fig_172.png
plot_cell_162_65.png,fig_173.png
plot_cell_162_67.png,fig_174.png
plot_cell_162_69.png,fig_175.png
plot_cell_162_7.png,fig_176.png
plot_cell_162_71.png,fig_177.png
plot_cell_162_73.png,fig_178.png
plot_cell_162_75.png,fig_179.png
plot_cell_162_77.png,fig_180.png
plot_cell_162_79.png,fig_181.png
plot_cell_162_81.png,fig_182.png
plot_cell_162_83.png,fig_183.png
plot_cell_162_85.png,fig_184.png
plot_cell_162_87.png,fig_185.png
plot_cell_162_89.png,fig_186.png
plot_cell_162_9.png,fig_187.png
plot_cell_162_91.png,fig_188.png
plot_cell_162_93.png,fig_189.png
plot_cell_162_95.png,fig_190.png
plot_cell_162_97.png,fig_191.png
plot_cell_162_99.png,fig_192.png
plot_cell_169_1.png,fig_193.png
plot_cell_169_3.png,fig_194.png
plot_cell_169_5.png,fig_195.png
plot_cell_172_1.png,fig_196.png
plot_cell_174_1.png,fig_197.png
plot_cell_174_3.png,fig_198.png
plot_cell_175_1.png,fig_199.png
plot_cell_176_1.png,fig_200.png
plot_cell_178_1.png,fig_201.png
plot_cell_178_3.png,fig_202.png
plot_cell_179_1.png,fig_203.png
plot_cell_179_3.png,fig_204.png
plot_cell_180_1.png,fig_205.png
plot_cell_181_1.png,fig_206.png
plot_cell_182_3.png,fig_207.png
plot_cell_182_5.png,fig_208.png
plot_cell_183_1.png,fig_209.png
plot_cell_184_1.png,fig_210.png
plot_cell_184_3.png,fig_211.png
plot_cell_185_1.png,fig_212.png
plot_cell_185_3.png,fig_213.png
plot_cell_186_1.png,fig_214.png
plot_cell_186_3.png,fig_215.png
plot_cell_187_1.png,fig_216.png
plot_cell_187_3.png,fig_217.png
plot_cell_188_1.png,fig_218.png
plot_cell_189_1.png,fig_219.png
plot_cell_190_1.png,fig_220.png
plot_cell_190_3.png,fig_221.png
plot_cell_191_1.png,fig_222.png
plot_cell_192_1.png,fig_223.png
plot_cell_193_15.png,fig_224.png
plot_cell_194_1.png,fig_225.png
plot_cell_26_0.png,fig_226.png
plot_cell_26_1.png,fig_227.png
plot_cell_26_2.png,fig_228.png
plot_cell_26_3.png,fig_229.png
plot_cell_26_4.png,fig_230.png
plot_cell_31_0.png,fig_231.png
plot_cell_34_0.png,fig_232.png
plot_cell_37_0.png,fig_233.png
plot_cell_40_0.png,fig_234.png
plot_cell_43_0.png,fig_235.png
plot_cell_46_0.png,fig_236.png
plot_cell_49_0.png,fig_237.png
plot_cell_52_0.png,fig_238.png
plot_cell_55_0.png,fig_239.png
plot_cell_58_0.png,fig_240.png
plot_cell_77_0.png,fig_241.png
plot_cell_77_1.png,fig_242.png
plot_cell_77_2.png,fig_243.png
plot_cell_77_3.png,fig_244.png
plot_cell_77_4.png,fig_245.png
plot_cell_80_0.png,fig_246.png
plot_cell_81_1.png,fig_247.png
plot_cell_84_0.png,fig_248.png
plot_cell_87_0.png,fig_249.png
plot_cell_92_0.png,fig_250.png
plot_cell_92_1.png,fig_251.png
plot_cell_92_2.png,fig_252.png
plot_cell_92_3.png,fig_253.png
plot_cell_92_4.png,fig_254.png
plot_cell_92_5.png,fig_255.png
plot_cell_92_6.png,fig_256.png
plot_cell_92_7.png,fig_257.png
plot_cell_92_8.png,fig_258.png
plot_cell_92_9.png,fig_259.png
plot_cell_93_0.png,fig_260.png
plot_cell_94_0.png,fig_261.png
